method,AUC,evals
Grid,0.926193660492186,64
Random,0.926250705535298,30
Bayesian,0.927567091319068,30
